input_id,cpu_ema,model_used,confidence,latency_ms,correct,reward
0,7.0,fp32,0.762,7.72,1,0.9228
1,16.57,fp32,0.8943,8.07,1,0.9193
2,12.829,fp32,0.9366,8.69,1,0.9131
3,9.430299999999999,fp32,0.9557,8.24,1,0.9176
4,7.201209999999999,fp32,0.8085,8.18,1,0.9182
5,5.7908469999999985,fp32,0.2901,8.42,1,0.9158
6,4.653592899999999,fp32,0.3843,7.96,1,0.9204
7,3.557515029999999,fp32,0.0751,7.14,1,0.9286
8,2.640260520999999,fp32,0.1431,9.38,0,-0.09380000000000001
9,5.058182364699999,fp32,0.5382,7.62,1,0.9238
10,5.520727655289998,fp32,0.5997,8.77,1,0.9123
11,6.294509358702998,fp32,0.7176,9.8,0,-0.098
12,5.006156551092098,fp32,0.5429,8.7,1,0.913
13,4.104309585764468,fp32,0.1619,10.79,1,0.8921
14,3.7730167100351273,fp32,0.4148,8.88,0,-0.0888
15,4.89111169702459,fp32,0.2617,7.52,0,-0.0752
16,4.173778187917213,fp32,0.7581,9.97,1,0.9003
17,4.151644731542048,fp32,0.0861,8.68,0,-0.0868
18,4.736151312079434,fp32,0.6289,8.13,1,0.9187
19,5.295305918455603,fp32,0.3559,11.32,1,0.8868
20,14.71671414291892,fp32,0.1381,20.69,0,-0.20690000000000003
21,23.261699900043247,fp32,0.3477,25.55,0,-0.2555
22,29.84318993003027,fp32,0.518,24.54,1,0.7545999999999999
23,33.910232951021186,int8,0.6016,10.73,0,-0.1073
24,36.487163065714824,int8,0.2422,10.43,0,-0.1043
25,38.05101414600038,int8,0.125,18.82,0,-0.1882
26,38.78570990220026,int8,0.1523,18.36,0,-0.18359999999999999
27,39.83999693154018,int8,0.8789,19.24,1,0.8076
28,43.127997852078124,int8,0.3359,19.65,0,-0.19649999999999998
29,42.84959849645469,int8,0.2969,20.65,0,-0.2065
30,42.50471894751828,int8,0.707,9.6,0,-0.096
31,42.353303263262795,int8,0.7227,18.48,1,0.8151999999999999
32,41.76731228428395,int8,0.5586,19.35,0,-0.1935
33,41.53711859899877,int8,0.625,18.6,1,0.814
34,42.09598301929913,int8,0.5859,20.4,0,-0.204
35,45.81718811350939,int8,0.4414,21.16,0,-0.2116
36,44.132031679456574,int8,0.1953,20.78,0,-0.2078
37,42.9824221756196,int8,0.2617,18.78,0,-0.18780000000000002
38,42.23769552293371,int8,0.2148,18.34,0,-0.1834
39,41.7163868660536,int8,0.2695,18.32,0,-0.1832
40,41.50147080623751,int8,0.2422,18.8,0,-0.188
41,41.20102956436626,int8,0.2266,18.61,1,0.8139000000000001
42,42.01072069505638,int8,0.9648,19.94,1,0.8006
43,41.46750448653946,int8,0.7109,18.25,1,0.8175
44,41.17725314057762,int8,0.8516,18.85,1,0.8115
45,40.97407719840433,int8,0.6211,19.81,1,0.8019000000000001
46,40.98185403888303,int8,0.1797,18.48,0,-0.18480000000000002
47,40.74729782721812,int8,0.9727,19.05,1,0.8095
48,40.67310847905268,int8,0.918,9.41,1,0.9059
49,40.62117593533687,int8,0.4453,9.36,0,-0.0936
50,41.15482315473581,int8,0.7852,9.16,1,0.9084
51,42.00837620831506,int8,0.7617,9.45,1,0.9055
52,41.465863345820544,int8,0.8984,9.81,1,0.9019
53,42.19610434207438,int8,0.9531,19.41,1,0.8059000000000001
54,42.64727303945207,int8,0.8984,18.84,1,0.8116
55,42.033091127616444,int8,0.4062,18.39,1,0.8161
56,42.26316378933151,int8,0.3164,18.51,1,0.8149
57,41.70421465253205,int8,0.1484,18.88,1,0.8112
58,29.492950256772435,fp32,0.1431,10.04,0,-0.10039999999999999
59,20.795065179740703,fp32,0.5382,8.63,1,0.9137
60,14.856545625818493,fp32,0.5997,8.56,1,0.9144
61,10.699581938072946,fp32,0.7176,10.24,0,-0.1024
62,9.019707356651061,fp32,0.5429,7.02,1,0.9298
63,8.293795149655743,fp32,0.1619,7.31,1,0.9269000000000001
64,8.08565660475902,fp32,0.4148,7.88,0,-0.0788
65,6.409959623331313,fp32,0.2617,8.06,0,-0.0806
66,4.786971736331919,fp32,0.7581,7.06,1,0.9294
67,5.180880215432343,fp32,0.0861,9.21,0,-0.09210000000000002
68,4.22661615080264,fp32,0.6289,9.43,1,0.9057
69,4.308631305561847,fp32,0.3559,15.01,1,0.8499
70,3.9160419138932925,fp32,0.1381,7.84,0,-0.0784
71,3.7912293397253043,fp32,0.3477,9.39,0,-0.09390000000000001
72,4.183860537807712,fp32,0.518,8.84,1,0.9116
73,3.6787023764653983,fp32,0.7162,9.04,0,-0.0904
74,3.9250916635257784,fp32,0.1841,8.68,0,-0.0868
75,4.127564164468044,fp32,0.1872,8.04,0,-0.0804
76,3.3392949151276303,fp32,0.1954,8.61,0,-0.0861
77,2.937506440589341,fp32,0.9461,9.08,1,0.9092
78,2.656254508412539,fp32,0.2696,8.42,0,-0.0842
79,2.609378155888777,fp32,0.2775,8.17,0,-0.0817
80,2.126564709122144,fp32,0.5809,8.48,0,-0.0848
81,1.9385952963855004,fp32,0.72,6.62,1,0.9338
82,2.4370167074698506,fp32,0.513,6.5,0,-0.065
83,3.085911695228895,fp32,0.7944,15.06,1,0.8493999999999999
84,2.7601381866602264,fp32,0.3995,9.03,0,-0.09029999999999999
85,2.232096730662158,fp32,0.4306,8.67,1,0.9133
86,2.0124677114635103,fp32,0.188,7.51,0,-0.0751
87,1.7087273980244573,fp32,0.2122,14.05,0,-0.1405
88,1.4961091786171201,fp32,0.2132,9.98,1,0.9002
89,1.4972764250319839,fp32,0.2548,7.81,0,-0.0781
90,1.3480934975223886,fp32,0.2579,7.97,0,-0.0797
91,1.393665448265672,fp32,0.3281,7.64,1,0.9236
92,1.4255658137859704,fp32,0.9775,7.94,1,0.9206
93,1.7478960696501793,fp32,0.604,9.53,1,0.9047000000000001
94,1.5235272487551255,fp32,0.8822,8.15,1,0.9185
95,1.5164690741285878,fp32,0.8955,9.76,1,0.9024
