timestamp,input_id,cpu_raw_before,cpu_ema_before,mem_raw_before,mem_ema_before,temp_before,cpu_raw_after,cpu_ema_after,mem_raw_after,mem_ema_after,temp_after,chosen_action,model_used,predicted_class,label,confidence,latency_ms,ground_truth,reward
1783836300.1663978,0,4.1,4.1,43.5,43.5,47.85,4.0,4.069999999999999,43.6,43.53,47.85,0,fp32,0,tench,0.762,9.32,tench,0.9068
1783836303.4749746,1,3.5,3.898999999999999,43.4,43.491,47.85,2.5,3.4792999999999994,43.4,43.463699999999996,47.85,0,fp32,0,tench,0.8943,9.07,tench,0.9093
1783836306.7883303,2,3.0,3.3355099999999993,43.5,43.47458999999999,47.85,2.5,3.0848569999999995,43.4,43.45221299999999,47.85,0,fp32,0,tench,0.9366,11.94,tench,0.8806
1783836310.099007,3,2.5,2.9093998999999995,43.3,43.40654909999999,47.85,3.0,2.9365799299999993,43.3,43.374584369999994,47.85,0,fp32,0,tench,0.9557,10.08,tench,0.8992
1783836313.4072738,4,3.0,2.9556059509999995,43.2,43.322209058999995,47.85,2.5,2.8189241656999995,43.2,43.28554634129999,47.85,0,fp32,0,tench,0.8085,7.75,tench,0.9225
1783836316.7207708,5,7.0,4.0732469159899996,43.2,43.25988243891,47.85,2.0,3.4512728411929996,43.2,43.24191770723699,47.85,0,fp32,217,English springer,0.2901,10.34,English springer,0.8966
1783836320.0305657,6,1.5,2.8658909888350994,42.5,43.01934239506589,47.85,3.0,2.9061236921845692,42.5,42.863539676546125,47.85,0,fp32,217,English springer,0.3843,11.35,English springer,0.8865
1783836323.3444176,7,3.5,3.084286584529198,42.4,42.72447777358228,47.85,2.0,2.7590006091704384,42.5,42.657134441507594,47.85,0,fp32,217,English springer,0.0751,9.65,English springer,0.9035
1783836326.6519685,8,3.5,2.981300426419307,42.4,42.57999410905531,47.85,5.1,3.6169102984935146,42.5,42.55599587633871,47.85,0,fp32,215,Brittany spaniel,0.1431,9.02,English springer,-0.0902
1783836329.965152,9,1.5,2.9818372089454597,42.5,42.5391971134371,47.85,2.5,2.8372860462618217,42.5,42.52743797940597,47.85,0,fp32,217,English springer,0.5382,9.97,English springer,0.9003
1783836333.2693458,10,4.1,3.216100232383275,42.9,42.639206585584176,47.85,6.1,4.081270162668292,43.0,42.747444609908925,48.85,0,fp32,482,cassette player,0.5997,8.74,cassette player,0.9126
1783836336.5878592,11,3.0,3.756889113867804,42.7,42.73321122693625,48.85,2.5,3.3798223797074627,42.7,42.72324785885537,48.85,0,fp32,848,tape player,0.7176,9.72,cassette player,-0.09720000000000001
1783836339.911362,12,1.0,2.6658756657952236,42.4,42.62627350119875,48.85,2.0,2.4661129660566563,42.4,42.558391450839125,48.85,0,fp32,482,cassette player,0.5429,15.66,cassette player,0.8433999999999999
1783836343.2215972,13,3.0,2.6262790762396593,42.4,42.51087401558738,48.85,3.5,2.8883953533677613,42.4,42.477611810911164,48.85,0,fp32,482,cassette player,0.1619,8.97,cassette player,0.9103
1783836346.5339332,14,3.5,3.0718767473574324,42.3,42.42432826763781,48.85,2.5,2.9003137231502025,42.3,42.387029787346464,48.85,0,fp32,818,spotlight,0.4148,9.18,cassette player,-0.09179999999999999
1783836349.847849,15,41.1,14.360219606205142,42.7,42.48092085114252,48.85,45.5,23.7021537243436,42.7,42.54664459579976,48.85,0,fp32,795,ski,0.2617,20.87,chain saw,-0.20870000000000002
1783836353.1634152,16,49.8,31.531507607040517,42.6,42.56265121705983,48.85,47.0,36.17205532492836,42.6,42.57385585194188,48.85,0,fp32,491,chain saw,0.7581,22.74,chain saw,0.7726
1783836356.473174,17,41.7,37.83043872744985,42.6,42.581699096359316,48.85,42.0,39.0813071092149,42.6,42.587189367451515,48.85,0,fp32,802,snowmobile,0.0861,22.59,chain saw,-0.2259
1783836359.7797592,18,41.5,39.80691497645043,42.5,42.56103255721606,48.85,40.7,40.0748404835153,42.5,42.54272279005124,48.85,0,fp32,491,chain saw,0.6289,22.4,chain saw,0.776
1783836363.0923655,19,41.5,40.502388338460705,42.5,42.529905953035865,48.85,42.5,41.10167183692249,42.5,42.520934167125105,48.85,0,fp32,491,chain saw,0.3559,22.95,chain saw,0.7705
1783836366.4040487,20,41.7,41.28117028584574,42.6,42.54465391698757,48.85,41.5,41.346819200092014,42.6,42.561257741891296,48.85,0,fp32,554,fireboat,0.1381,23.13,church,-0.2313
1783836369.7158835,21,41.8,41.482773440064406,42.6,42.5728804193239,48.85,41.0,41.33794140804508,42.7,42.61101629352673,48.85,0,fp32,663,monastery,0.3477,22.97,church,-0.2297
1783836373.0262928,22,41.3,41.32655898563156,42.1,42.45771140546871,48.85,41.9,41.498591289942084,42.1,42.350397983828096,48.85,0,fp32,497,church,0.518,22.97,church,0.7703
1783836376.3400614,23,41.8,41.58901390295945,42.0,42.24527858867967,48.85,41.7,41.622309732071614,42.0,42.171695012075766,48.85,0,fp32,406,altar,0.7162,23.72,church,-0.2372
1783836379.6386974,24,50.0,44.135616812450124,42.4,42.240186508453036,48.85,43.1,43.82493176871509,42.4,42.28813055591712,48.85,0,fp32,884,vault,0.1841,18.45,church,-0.1845
1783836382.9328802,25,41.7,43.18745223810056,42.8,42.44169138914198,48.85,47.2,44.391216566670394,42.8,42.54918397239938,48.85,0,fp32,729,plate rack,0.1872,16.98,French horn,-0.1698
1783836386.227549,26,44.4,44.39385159666927,42.7,42.594428780679564,48.85,42.6,43.85569611766849,42.8,42.656100146475694,48.85,0,fp32,691,oxygen mask,0.1954,14.32,French horn,-0.1432
1783836389.540064,27,42.9,43.568987282367935,42.7,42.669270102532984,48.85,43.9,43.66829109765755,42.6,42.648489071773085,48.85,0,fp32,566,French horn,0.9461,23.0,French horn,0.77
1783836392.8434203,28,42.7,43.37780376836029,42.7,42.66394235024116,48.85,40.2,42.4244626378522,42.6,42.644759645168804,48.85,0,fp32,875,trombone,0.2696,20.31,French horn,-0.2031
1783836396.150798,29,47.5,43.94712384649654,42.8,42.69133175161816,48.85,47.7,45.07298669254757,42.7,42.69393222613271,48.85,0,fp32,513,cornet,0.2775,24.18,French horn,-0.24180000000000001
1783836399.4628968,30,52.0,47.1510906847833,42.1,42.515752558292895,48.85,50.3,48.09576347934831,42.1,42.39102679080503,48.85,1,int8,867,trailer truck,0.707,21.04,garbage truck,-0.2104
1783836402.77409,31,49.2,48.42703443554381,42.5,42.42371875356352,48.85,48.0,48.29892410488066,42.5,42.44660312749446,48.85,1,int8,569,garbage truck,0.7227,18.54,garbage truck,0.8146
1783836406.0763733,32,49.5,48.659246873416464,42.5,42.46262218924612,48.85,49.5,48.911472811391526,42.6,42.50383553247228,48.85,1,int8,675,moving van,0.5586,16.37,garbage truck,-0.1637
1783836409.3882928,33,49.5,49.08803096797407,42.6,42.53268487273059,48.85,48.7,48.971621677581844,42.6,42.55287941091141,48.85,1,int8,569,garbage truck,0.625,19.15,garbage truck,0.8085
1783836412.6965806,34,49.0,48.98013517430729,42.5,42.53701558763798,48.85,48.2,48.7460946220151,42.6,42.55591091134659,48.85,1,int8,867,trailer truck,0.5859,15.58,garbage truck,-0.1558
1783836415.9998062,35,49.0,48.82226623541057,42.7,42.59913763794261,48.85,50.5,49.32558636478739,42.8,42.659396346559824,48.85,1,int8,480,cash machine,0.4414,19.58,gas pump,-0.19579999999999997
1783836419.3079698,36,49.2,49.28791045535117,42.8,42.70157744259187,48.85,49.5,49.35153731874581,42.8,42.731104209814305,48.85,1,int8,856,thresher,0.1953,20.41,gas pump,-0.2041
1783836422.6007926,37,48.5,49.09607612312206,42.1,42.54177294687001,48.85,47.7,48.67725328618544,42.1,42.40924106280901,48.85,1,int8,424,barbershop,0.2617,21.62,gas pump,-0.2162
1783836425.8999,38,43.7,47.184077300329804,41.8,42.22646874396631,48.85,44.5,46.37885411023086,41.9,42.12852812077641,48.85,1,int8,860,tobacco shop,0.2148,16.89,gas pump,-0.16890000000000002
1783836429.2069385,39,50.0,47.4651978771616,42.5,42.23996968454348,48.85,48.0,47.62563851401312,42.5,42.317978779180436,48.85,0,fp32,453,bookcase,0.2548,26.26,gas pump,-0.2626
1783836432.515797,40,48.0,47.73794695980918,42.8,42.4625851454263,48.85,47.5,47.666562871866425,42.8,42.56380960179841,48.85,0,fp32,772,safety pin,0.2579,28.02,golf ball,-0.2802
1783836435.8265736,41,44.7,46.776594010306496,41.6,42.27466672125888,48.85,42.2,45.40361580721455,41.7,42.10226670488122,48.85,1,int8,574,golf ball,0.2266,20.19,golf ball,0.7981
1783836439.1380634,42,48.2,46.24253106505019,41.7,41.98158669341685,48.85,48.2,46.82977174553513,41.7,41.897110685391795,48.85,1,int8,574,golf ball,0.9648,19.39,golf ball,0.8061
1783836442.4396427,43,50.0,47.78084022187459,42.2,41.98797747977426,48.85,48.5,47.99658815531221,42.2,42.05158423584198,48.85,1,int8,574,golf ball,0.7109,22.44,golf ball,0.7756
1783836445.7483294,44,43.2,46.55761170871855,42.1,42.066108965089384,48.85,47.8,46.93032819610298,42.1,42.07627627556257,48.85,1,int8,574,golf ball,0.8516,19.93,golf ball,0.8007
1783836449.0610547,45,41.4,45.27122973727209,42.1,42.0833933928938,48.85,44.7,45.099860816090455,42.1,42.088375375025656,48.85,1,int8,701,parachute,0.6211,19.79,parachute,0.8021
1783836452.3656256,46,43.4,44.589902571263316,41.9,42.03186276251795,48.85,47.5,45.462931799884316,41.9,41.992303933762564,48.85,1,int8,403,aircraft carrier,0.1797,21.2,parachute,-0.212
1783836455.6691544,47,42.6,44.604052259919015,42.0,41.994612753633795,48.85,48.5,45.77283658194331,42.0,41.996228927543655,48.85,1,int8,701,parachute,0.9727,20.02,parachute,0.7998000000000001
1783836458.9815927,48,40.9,44.31098560736031,41.9,41.96736024928055,48.85,42.9,43.887689925152216,41.9,41.94715217449638,48.85,1,int8,701,parachute,0.918,19.43,parachute,0.8057
1783836462.2946641,49,42.9,43.59138294760655,41.7,41.87300652214746,48.85,43.4,43.53396806332458,41.7,41.82110456550322,48.85,1,int8,879,umbrella,0.4453,20.19,parachute,-0.20190000000000002
1783836465.5960653,50,43.1,43.40377764432721,41.9,41.84477319585225,48.85,42.6,43.162644351029044,41.9,41.86134123709657,48.85,1,int8,0,tench,0.7852,24.26,tench,0.7574
1783836468.8852565,51,40.5,42.36385104572033,41.8,41.8429388659676,48.85,48.0,44.05469573200423,41.8,41.830057206177315,48.85,1,int8,0,tench,0.7617,20.86,tench,0.7914
1783836472.1904876,52,45.2,44.39828701240296,41.5,41.73104004432412,48.85,42.7,43.88880090868207,41.5,41.66172803102688,48.85,1,int8,0,tench,0.8984,20.29,tench,0.7971
1783836475.4955022,53,42.9,43.592160636077445,41.5,41.613209621718816,48.85,43.7,43.62451244525421,41.5,41.57924673520317,48.85,1,int8,0,tench,0.9531,20.47,tench,0.7953
1783836478.800323,54,42.4,43.257158711677945,41.4,41.52547271464222,48.85,40.2,42.34001109817456,41.4,41.48783090024955,48.85,1,int8,0,tench,0.8984,21.14,tench,0.7886
1783836482.0892713,55,7.6,31.918007768722187,41.2,41.401481630174686,48.85,9.2,25.102605438105527,41.3,41.37103714112228,48.85,1,int8,217,English springer,0.4062,6.28,English springer,0.9372
1783836485.3852339,56,3.0,18.471823806673868,41.1,41.28972599878559,48.85,2.5,13.680276664671707,41.1,41.232808199149915,48.85,0,fp32,217,English springer,0.3843,10.15,English springer,0.8985
1783836488.6853218,57,2.5,10.326193665270194,40.9,41.13296573940494,48.85,1.5,7.678335565689136,40.9,41.063076017583455,48.85,0,fp32,217,English springer,0.0751,9.08,English springer,0.9092
1783836491.985889,58,2.0,5.9748348959823945,40.9,41.014153212308415,48.85,4.6,5.562384427187676,40.9,40.97990724861589,48.85,0,fp32,215,Brittany spaniel,0.1431,8.64,English springer,-0.0864
1783836495.2862637,59,13.1,7.823669099031372,41.2,41.04593507403112,48.85,3.6,6.55656836932196,41.2,41.092154551821785,48.85,0,fp32,217,English springer,0.5382,8.47,English springer,0.9153
1783836498.5915606,60,3.0,5.4895978585253715,41.4,41.184508186275245,48.85,6.5,5.7927185009677595,41.4,41.24915573039267,48.85,0,fp32,482,cassette player,0.5997,10.52,cassette player,0.8948
1783836501.8883295,61,1.0,4.354902950677431,41.4,41.294409011274865,48.85,2.5,3.7984320654742016,41.4,41.3260863078924,48.85,0,fp32,848,tape player,0.7176,9.45,cassette player,-0.0945
1783836505.189095,62,3.5,3.7089024458319413,41.4,41.34826041552468,48.85,2.0,3.196231712082359,41.3,41.33378229086727,48.85,0,fp32,482,cassette player,0.5429,8.59,cassette player,0.9141
1783836508.487551,63,4.1,3.467362198457651,41.3,41.323647603607085,48.85,3.0,3.3271535389203555,41.2,41.28655332252496,48.85,0,fp32,482,cassette player,0.1619,10.81,cassette player,0.8919
1783836511.7890618,64,3.6,3.409007477244249,41.1,41.230587325767466,48.85,1.5,2.8363052340709745,41.1,41.191411128037224,48.85,0,fp32,818,spotlight,0.4148,8.32,cassette player,-0.08320000000000001
1783836515.0870974,65,3.0,2.8854136638496817,41.1,41.163987789626056,48.85,3.0,2.919789564694777,41.1,41.14479145273824,48.85,0,fp32,795,ski,0.2617,7.61,chain saw,-0.0761
1783836518.375894,66,3.0,2.9438526952863437,41.1,41.13135401691677,48.85,3.0,2.9606968867004406,41.1,41.121947811841736,48.85,0,fp32,491,chain saw,0.7581,7.62,chain saw,0.9238
1783836521.6787632,67,5.5,3.7224878206903083,41.1,41.11536346828921,48.85,2.0,3.2057414744832156,41.1,41.11075442780245,48.85,0,fp32,802,snowmobile,0.0861,11.34,chain saw,-0.1134
1783836524.9745703,68,2.0,2.844019032138251,41.1,41.10752809946171,49.85,3.0,2.8908133224967756,41.1,41.1052696696232,49.85,0,fp32,491,chain saw,0.6289,6.86,chain saw,0.9314
1783836528.2653675,69,4.0,3.223569325747743,41.2,41.133688768736235,49.85,3.6,3.33649852802342,41.2,41.15358213811536,49.85,0,fp32,491,chain saw,0.3559,9.22,chain saw,0.9077999999999999
1783836531.5473726,70,8.7,4.945548969616393,41.2,41.16750749668075,49.85,8.6,6.041884278731475,41.3,41.20725524767652,49.85,0,fp32,554,fireboat,0.1381,6.9,church,-0.069
1783836534.8342462,71,3.6,5.309318995112032,41.2,41.20507867337356,49.85,4.1,4.946523296578422,41.2,41.20355507136149,49.85,0,fp32,663,monastery,0.3477,8.16,church,-0.0816
1783836538.1176314,72,6.1,5.292566307604895,41.4,41.26248854995304,49.85,6.6,5.684796415323426,41.4,41.303741984967125,49.85,0,fp32,497,church,0.518,7.08,church,0.9292
1783836541.4081132,73,5.6,5.659357490726398,42.0,41.51261938947699,49.85,5.1,5.491550243508478,42.0,41.65883357263389,49.85,0,fp32,406,altar,0.7162,8.29,church,-0.08289999999999999
1783836544.6988301,74,5.6,5.524085170455934,41.6,41.641183500843724,49.85,4.0,5.066859619319153,41.6,41.6288284505906,49.85,0,fp32,884,vault,0.1841,10.8,church,-0.10800000000000001
1783836548.0037034,75,1.5,3.996801733523407,41.4,41.56017991541342,49.85,3.6,3.8777612134663846,41.4,41.512125940789396,49.85,0,fp32,729,plate rack,0.1872,8.57,French horn,-0.0857
1783836551.3070884,76,4.0,3.9144328494264693,41.3,41.44848815855257,49.85,6.1,4.570102994598528,41.3,41.4039417109868,49.85,0,fp32,691,oxygen mask,0.1954,11.24,French horn,-0.1124
1783836554.6106222,77,4.5,4.5490720962189695,41.2,41.34275919769076,49.85,3.5,4.234350467353279,41.2,41.29993143838353,49.85,0,fp32,566,French horn,0.9461,14.91,French horn,0.8509
1783836557.9109259,78,1.5,3.414045327147295,41.2,41.26995200686847,49.85,5.5,4.039831729003106,41.2,41.24896640480793,49.85,0,fp32,875,trombone,0.2696,6.99,French horn,-0.0699
1783836561.210555,79,3.0,3.727882210302174,41.1,41.20427648336555,49.85,3.5,3.6595175472115216,41.1,41.17299353835588,49.85,0,fp32,513,cornet,0.2775,9.96,French horn,-0.09960000000000001
1783836564.5070596,80,3.0,3.461662283048065,41.1,41.151095476849115,49.85,2.0,3.0231635981336455,41.1,41.13576683379438,49.85,0,fp32,867,trailer truck,0.5809,7.85,garbage truck,-0.0785
1783836567.8147857,81,2.5,2.866214518693552,41.1,41.125036783656064,49.85,2.0,2.6063501630854864,41.1,41.117525748559245,49.85,0,fp32,569,garbage truck,0.72,9.47,garbage truck,0.9053
1783836571.0982618,82,3.0,2.72444511415984,41.1,41.11226802399147,49.85,2.5,2.657111579911888,41.1,41.108587616794026,49.85,0,fp32,675,moving van,0.513,8.07,garbage truck,-0.08070000000000001
1783836574.3907447,83,7.1,3.989978105938321,41.4,41.19601133175581,49.85,5.6,4.472984674156825,41.4,41.257207932229065,49.85,0,fp32,569,garbage truck,0.7944,8.79,garbage truck,0.9121
1783836577.6810465,84,6.6,5.111089271909777,41.4,41.30004555256034,49.85,4.5,4.9277624903368435,41.4,41.330031886792234,49.85,0,fp32,867,trailer truck,0.3995,7.8,garbage truck,-0.078
1783836580.9690106,85,43.4,16.46943374323579,42.9,41.80102232075456,49.85,44.7,24.938603620265052,42.8,42.10071562452819,49.85,0,fp32,571,gas pump,0.4306,22.68,gas pump,0.7732
1783836584.2728643,86,45.2,31.017022534185536,43.1,42.40050093716973,49.85,43.4,34.73191577392987,43.1,42.61035065601881,49.85,1,int8,856,thresher,0.1953,18.58,gas pump,-0.1858
1783836587.572144,87,44.7,37.72234104175091,42.6,42.60724545921316,49.85,44.0,39.60563872922563,42.6,42.60507182144921,49.85,1,int8,424,barbershop,0.2617,19.32,gas pump,-0.1932
1783836590.8741238,88,41.2,40.08394711045794,42.3,42.513550275014445,49.85,42.4,40.778762977320554,42.3,42.44948519251011,49.85,1,int8,860,tobacco shop,0.2148,18.66,gas pump,-0.18660000000000002
1783836594.1774244,89,42.0,41.145134084124386,42.0,42.31463963475707,49.85,42.0,41.40159385888707,42.0,42.220247744329946,49.85,1,int8,453,bookcase,0.2695,19.75,gas pump,-0.1975
1783836597.4797847,90,42.0,41.581115701220945,42.0,42.15417342103096,49.85,42.2,41.766780990854656,42.0,42.10792139472167,49.85,1,int8,772,safety pin,0.2422,19.64,golf ball,-0.19640000000000002
1783836600.766502,91,41.5,41.68674669359825,41.6,41.95554497630517,49.85,42.0,41.780722685518775,41.6,41.84888148341362,49.85,1,int8,574,golf ball,0.2266,10.94,golf ball,0.8906000000000001
1783836604.07316,92,41.2,41.60650587986314,41.6,41.77421703838954,49.85,41.7,41.634554115904194,41.6,41.72195192687268,49.85,0,fp32,574,golf ball,0.9775,24.49,golf ball,0.7551
1783836607.3756332,93,42.6,41.92418788113293,41.7,41.715366348810875,49.85,42.9,42.216931516793046,41.7,41.71075644416761,49.85,0,fp32,574,golf ball,0.604,24.13,golf ball,0.7587
1783836610.668027,94,47.2,43.71185206175513,41.6,41.677529510917324,49.85,41.3,42.98829644322859,41.6,41.65427065764213,49.85,1,int8,574,golf ball,0.8516,20.7,golf ball,0.793
1783836613.9712217,95,41.3,42.48180751026001,41.6,41.63798946034949,49.85,42.1,42.367265257182005,41.6,41.626592622244644,49.85,1,int8,701,parachute,0.6211,19.72,parachute,0.8028
1783836617.26948,96,41.2,42.0170856800274,41.7,41.64861483557125,49.85,41.7,41.921959976019174,41.7,41.664030384899874,49.85,1,int8,403,aircraft carrier,0.1797,20.72,parachute,-0.2072
1783836620.5548522,97,42.0,41.94537198321342,41.7,41.67482126942991,49.85,46.7,43.37176038824939,41.7,41.68237488860094,49.85,1,int8,701,parachute,0.9727,19.77,parachute,0.8023
1783836623.8350782,98,40.7,42.57023227177457,41.6,41.65766242202066,49.85,40.5,41.949162590242196,41.7,41.67036369541446,49.85,1,int8,701,parachute,0.918,9.21,parachute,0.9078999999999999
1783836627.1345582,99,45.0,42.864413813169534,41.6,41.64925458679012,49.85,42.3,42.695089669218675,41.6,41.63447821075309,49.85,0,fp32,701,parachute,0.4111,23.59,parachute,0.7641
1783836630.4420605,100,41.7,42.39656276845307,41.5,41.59413474752716,49.85,42.3,42.36759393791715,41.5,41.565894323269006,49.85,0,fp32,0,tench,0.762,25.73,tench,0.7426999999999999
1783836633.7443535,101,41.5,42.107315756542,41.6,41.57612602628831,49.85,40.3,41.565121029579394,41.6,41.58328821840181,49.85,1,int8,0,tench,0.7617,18.51,tench,0.8149
1783836637.0478532,102,44.5,42.445584720705575,41.6,41.588301752881264,49.85,44.0,42.9119093044939,41.6,41.59181122701688,49.85,1,int8,0,tench,0.8984,20.07,tench,0.7993
1783836640.3535104,103,42.3,42.72833651314573,41.6,41.59426785891182,49.85,41.7,42.419835559202006,41.6,41.59598750123827,49.85,0,fp32,0,tench,0.9557,23.24,tench,0.7676000000000001
1783836643.66014,104,41.7,42.203884891441405,41.6,41.597191250866786,49.85,41.3,41.93271942400898,41.6,41.598033875606745,49.85,0,fp32,0,tench,0.8085,23.67,tench,0.7633
1783836646.9649339,105,40.2,41.41290359680628,41.6,41.59862371292472,49.85,47.5,43.23903251776439,41.6,41.5990365990473,49.85,0,fp32,217,English springer,0.2901,23.17,English springer,0.7683
1783836650.26803,106,41.5,42.717322762435074,41.6,41.599325619333115,49.85,41.2,42.26212593370455,41.6,41.59952793353318,49.85,0,fp32,217,English springer,0.3843,23.5,English springer,0.765
1783836653.5757043,107,43.8,42.72348815359318,41.7,41.62966955347323,49.85,42.2,42.566441707515224,41.7,41.65076868743126,49.85,0,fp32,217,English springer,0.0751,25.18,English springer,0.7482
1783836656.8829367,108,44.7,43.20650919526065,41.8,41.695538081201875,49.85,46.5,44.194556436682454,41.8,41.72687665684131,49.85,0,fp32,215,Brittany spaniel,0.1431,24.95,English springer,-0.2495
1783836660.1835914,109,64.8,50.376189505677715,42.6,41.98881365978892,49.85,41.5,47.71333265397439,42.6,42.172169561852236,49.85,1,int8,217,English springer,0.5234,17.46,English springer,0.8254
1783836663.4785304,110,46.2,47.25933285778207,42.2,42.18051869329656,49.85,44.2,46.34153300044745,42.2,42.18636308530759,49.85,1,int8,482,cassette player,0.5977,20.37,cassette player,0.7963
1783836666.7870667,111,46.2,46.29907310031321,42.6,42.31045415971531,49.85,43.7,45.519351170219245,42.6,42.39731791180072,49.85,0,fp32,848,tape player,0.7176,25.41,cassette player,-0.2541
1783836670.09316,112,41.2,44.22354581915347,42.1,42.308122538260506,49.85,41.5,43.40648207340743,42.1,42.24568577678235,49.85,0,fp32,482,cassette player,0.5429,25.66,cassette player,0.7434000000000001
1783836673.3988125,113,41.4,42.8045374513852,42.2,42.23198004374764,49.85,42.0,42.56317621596964,42.2,42.22238603062335,49.85,0,fp32,482,cassette player,0.1619,23.94,cassette player,0.7605999999999999
1783836676.7056038,114,42.9,42.66422335117875,42.1,42.18567022143634,49.85,41.0,42.16495634582512,42.1,42.159969155005435,49.85,0,fp32,818,spotlight,0.4148,25.34,cassette player,-0.2534
1783836680.0097308,115,40.5,41.66546944207758,42.0,42.1119784085038,49.85,41.7,41.67582860945431,42.0,42.07838488595266,49.85,0,fp32,795,ski,0.2617,24.33,chain saw,-0.2433
1783836683.303991,116,42.7,41.98308002661801,42.0,42.05486942016686,49.85,41.8,41.928156018632606,42.0,42.0384085941168,49.85,0,fp32,491,chain saw,0.7581,24.69,chain saw,0.7531
1783836686.6105387,117,42.5,42.09970921304282,42.0,42.02688601588176,49.85,43.2,42.429796449129974,42.1,42.04882021111723,49.85,0,fp32,802,snowmobile,0.0861,24.96,chain saw,-0.24960000000000002
1783836689.910986,118,40.5,41.85085751439098,41.9,42.00417414778206,49.85,41.7,41.80560026007368,42.0,42.00292190344744,49.85,1,int8,491,chain saw,0.5508,19.61,chain saw,0.8039000000000001
1783836693.2091067,119,43.3,42.25392018205157,42.0,42.0020453324132,49.85,41.9,42.1477441274361,41.9,41.97143173268924,49.85,1,int8,491,chain saw,0.3203,18.68,chain saw,0.8132
1783836696.514835,120,41.7,42.013420889205264,41.8,41.920002212882466,49.85,41.7,41.91939462244368,41.8,41.884001549017725,49.85,0,fp32,554,fireboat,0.1381,27.12,church,-0.2712
1783836699.8075259,121,41.8,41.88357623571058,41.8,41.858801084312404,49.85,40.7,41.528503364997405,41.8,41.84116075901868,49.85,0,fp32,663,monastery,0.3477,20.13,church,-0.2013
1783836703.1056702,122,42.2,41.729952355498185,41.9,41.85881253131307,49.85,41.4,41.63096664884873,42.0,41.901168771919146,49.85,1,int8,497,church,0.5547,19.03,church,0.8097
1783836706.4071846,123,41.7,41.651676654194105,41.7,41.8408181403434,49.85,41.5,41.60617365793587,41.8,41.82857269824038,49.85,1,int8,406,altar,0.6016,19.21,church,-0.19210000000000002
1783836709.7096274,124,44.2,42.38432156055511,41.9,41.850000888768264,49.85,46.7,43.67902509238857,41.8,41.835000622137784,49.85,1,int8,687,organ,0.2422,19.21,church,-0.19210000000000002
1783836713.0099003,125,1.5,31.025317564671997,41.7,41.794500435496445,49.85,6.6,23.6977222952704,41.7,41.76615030484751,49.85,0,fp32,729,plate rack,0.1872,9.7,French horn,-0.09699999999999999
1783836716.3152518,126,2.5,17.338405606689278,41.5,41.686305213393254,49.85,3.0,13.036883924682494,41.5,41.63041364937527,49.85,0,fp32,691,oxygen mask,0.1954,12.31,French horn,-0.1231
1783836719.6199818,127,3.0,10.025818747277745,41.4,41.561289554562684,49.85,2.5,7.768073123094421,41.4,41.512902688193876,49.85,0,fp32,566,French horn,0.9461,11.95,French horn,0.8805000000000001
1783836722.9245377,128,1.5,5.887651186166095,41.4,41.47903188173571,49.85,3.0,5.021355830316265,41.5,41.485322317214994,49.85,0,fp32,875,trombone,0.2696,8.49,French horn,-0.0849
1783836726.2256231,129,3.0,4.414949081221385,41.4,41.45972562205049,49.85,2.0,3.6904643568549695,41.4,41.44180793543534,49.85,0,fp32,513,cornet,0.2775,7.47,French horn,-0.0747
1783836729.527963,130,3.0,3.4833250497984785,41.6,41.48926555480474,49.85,2.5,3.1883275348589346,41.6,41.52248588836332,49.85,0,fp32,867,trailer truck,0.5809,11.53,garbage truck,-0.1153
1783836732.831331,131,1.5,2.681829274401254,41.7,41.575740121854324,49.85,0.5,2.027280492080878,41.7,41.61301808529802,49.85,0,fp32,569,garbage truck,0.72,8.12,garbage truck,0.9188000000000001
1783836736.1327326,132,4.5,2.7690963444566146,41.3,41.51911265970861,49.85,3.0,2.83836744111963,41.3,41.453378861796025,49.85,0,fp32,675,moving van,0.513,10.11,garbage truck,-0.1011
1783836739.4326587,133,3.0,2.8868572087837405,41.3,41.407365203257214,49.85,2.0,2.6208000461486183,41.3,41.37515564228005,49.85,0,fp32,569,garbage truck,0.7944,7.9,garbage truck,0.921
1783836742.734473,134,2.5,2.584560032304033,41.2,41.32260894959603,49.85,1.5,2.259192022612823,41.2,41.28582626471722,49.85,0,fp32,867,trailer truck,0.3995,8.54,garbage truck,-0.08539999999999999
1783836746.039743,135,1.0,1.881434415828976,41.2,41.26007838530205,49.85,3.0,2.217004091080283,41.2,41.24205486971144,49.85,0,fp32,571,gas pump,0.4306,11.43,gas pump,0.8857
1783836749.338308,136,2.5,2.3019028637561982,41.2,41.229438408798,49.85,2.5,2.3613320046293387,41.2,41.2206068861586,49.85,0,fp32,856,thresher,0.188,9.3,gas pump,-0.09300000000000001
1783836752.640356,137,2.5,2.402932403240537,41.2,41.21442482031102,49.85,2.0,2.2820526822683758,41.2,41.21009737421771,49.85,0,fp32,706,patio,0.2122,7.92,gas pump,-0.0792
1783836755.9417737,138,1.5,2.047436877587863,41.2,41.2070681619524,49.85,3.0,2.333205814311504,41.2,41.20494771336668,49.85,0,fp32,571,gas pump,0.2132,7.65,gas pump,0.9235
1783836759.2404962,139,3.0,2.5332440700180525,41.2,41.20346339935667,49.85,2.5,2.5232708490126363,41.2,41.20242437954967,49.85,0,fp32,453,bookcase,0.2548,8.43,gas pump,-0.0843
1783836762.5423753,140,3.0,2.666289594308845,41.2,41.20169706568477,49.85,2.0,2.4664027160161917,41.2,41.201187945979335,49.85,0,fp32,772,safety pin,0.2579,6.67,golf ball,-0.0667
1783836765.8328493,141,1.0,2.026481901211334,41.2,41.200831562185535,49.85,1.5,1.8685373308479336,41.2,41.200582093529874,49.85,0,fp32,574,golf ball,0.3281,8.82,golf ball,0.9117999999999999
1783836769.1330492,142,3.0,2.2079761315935533,41.2,41.20040746547091,49.85,2.5,2.295583292115487,41.2,41.20028522582964,49.85,0,fp32,574,golf ball,0.9775,8.23,golf ball,0.9177
1783836772.4375293,143,3.0,2.5069083044808407,41.2,41.20019965808075,49.85,2.5,2.504835813136588,41.2,41.200139760656526,49.85,0,fp32,574,golf ball,0.604,9.35,golf ball,0.9065
1783836775.7529466,144,3.0,2.6533850691956116,41.2,41.20009783245957,49.85,1.5,2.307369548436928,41.2,41.2000684827217,49.85,0,fp32,574,golf ball,0.8822,11.26,golf ball,0.8874
1783836779.0544004,145,2.0,2.2151586839058495,41.2,41.20004793790519,49.85,3.5,2.6006110787340946,41.2,41.20003355653363,49.85,0,fp32,701,parachute,0.8955,8.41,parachute,0.9158999999999999
1783836782.3558626,146,3.5,2.870427755113866,41.2,41.20002348957354,49.85,5.1,3.5392994285797057,41.2,41.200016442701475,49.85,0,fp32,403,aircraft carrier,0.1905,9.5,parachute,-0.095
1783836785.6628675,147,3.1,3.4075096000057936,41.5,41.29001150989103,49.85,1.5,2.8352567200040557,41.5,41.35300805692372,49.85,0,fp32,701,parachute,0.9528,8.45,parachute,0.9155
1783836788.9696965,148,2.5,2.734679704002839,41.4,41.3671056398466,49.85,4.5,3.264275792801987,41.4,41.376973947892616,49.85,0,fp32,701,parachute,0.8659,12.36,parachute,0.8764
1783836792.2702167,149,3.0,3.184993054961391,41.4,41.383881763524826,49.85,2.5,2.9794951384729735,41.5,41.41871723446738,49.85,0,fp32,701,parachute,0.4111,6.51,parachute,0.9349
1783836795.5699415,150,3.0,2.9856465969310815,41.5,41.44310206412716,49.85,3.5,3.1399526178517574,41.5,41.46017144488901,49.85,0,fp32,0,tench,0.762,8.38,tench,0.9162
1783836798.8692064,151,1.5,2.6479668324962296,41.6,41.502120011422306,49.85,4.5,3.2035767827473602,41.6,41.531484007995616,49.85,0,fp32,0,tench,0.8943,9.46,tench,0.9054
1783836802.1618853,152,43.5,15.292503747923151,41.6,41.55203880559693,49.85,41.5,23.154752623546205,41.6,41.56642716391785,49.85,0,fp32,0,tench,0.9366,19.32,tench,0.8068
1783836805.4658012,153,42.1,28.838326836482345,41.6,41.576499014742495,49.85,41.5,32.63682878553764,41.6,41.583549310319746,49.85,0,fp32,0,tench,0.9557,22.72,tench,0.7728
1783836808.7660863,154,40.9,35.11578014987634,41.6,41.58848451722382,49.85,41.0,36.88104610491344,41.6,41.591939162056676,49.85,1,int8,0,tench,0.8984,18.02,tench,0.8198
1783836812.0452724,155,41.5,38.2667322734394,41.5,41.564357413439666,49.85,43.2,39.74671259140758,41.6,41.57505018940776,49.85,1,int8,217,English springer,0.4062,9.14,English springer,0.9086
1783836815.3186104,156,41.5,40.2726988139853,41.5,41.55253513258543,49.85,41.8,40.730889169789705,41.5,41.5367745928098,49.85,0,fp32,217,English springer,0.3843,16.8,English springer,0.832
1783836818.6137156,157,41.4,40.93162241885279,41.5,41.525742214966854,49.85,41.2,41.01213569319695,41.5,41.518019550476794,49.85,0,fp32,217,English springer,0.0751,21.91,English springer,0.7808999999999999
1783836821.9021175,158,40.2,40.768494985237865,41.5,41.512613685333754,49.85,41.7,41.0479464896665,41.5,41.50882957973363,49.85,1,int8,210,German short-haired pointer,0.1992,18.87,English springer,-0.1887
1783836825.1899614,159,41.7,41.24356254276655,41.5,41.506180705813534,49.85,41.8,41.41049377993658,41.6,41.534326494069475,49.85,1,int8,217,English springer,0.5234,10.77,English springer,0.8923
1783836828.494141,160,42.0,41.5873456459556,41.6,41.55402854584863,49.85,42.0,41.711141952168916,41.6,41.567819982094036,49.85,0,fp32,482,cassette player,0.5997,23.31,cassette player,0.7669
1783836831.7989542,161,41.2,41.55779936651824,41.5,41.54747398746582,49.85,40.5,41.24045955656277,41.5,41.53323179122607,49.85,0,fp32,848,tape player,0.7176,23.96,cassette player,-0.2396
1783836835.100331,162,41.5,41.31832168959394,41.5,41.52326225385825,49.85,41.5,41.37282518271576,41.6,41.54628357770078,49.85,1,int8,482,cassette player,0.5195,19.05,cassette player,0.8095
1783836838.4023418,163,41.4,41.380977627901025,41.5,41.53239850439054,49.85,41.4,41.38668433953072,41.5,41.52267895307338,49.85,1,int8,482,cassette player,0.1484,18.31,cassette player,0.8169
1783836841.706684,164,41.5,41.4206790376715,41.5,41.515875267151365,49.85,40.2,41.054475326370046,41.5,41.51111268700595,49.85,0,fp32,818,spotlight,0.4148,23.15,cassette player,-0.23149999999999998
1783836845.0074327,165,40.2,40.79813272845903,41.5,41.50777888090416,49.85,41.5,41.00869290992132,41.5,41.50544521663291,49.85,0,fp32,795,ski,0.2617,24.23,chain saw,-0.24230000000000002
1783836848.3050983,166,42.0,41.30608503694492,41.6,41.533811651643035,49.85,42.3,41.604259525861444,41.6,41.553668156150124,49.85,1,int8,491,chain saw,0.7148,18.6,chain saw,0.814
1783836851.6146562,167,3.0,30.022981668103007,41.4,41.507567709305086,49.85,2.5,21.766087167672104,41.4,41.47529739651356,49.85,1,int8,802,snowmobile,0.0703,7.09,chain saw,-0.0709
1783836854.9153552,168,2.0,15.836261017370472,41.2,41.39270817755949,49.85,2.0,11.68538271215933,41.2,41.33489572429164,49.85,0,fp32,491,chain saw,0.6289,8.24,chain saw,0.9176
1783836858.215505,169,2.5,8.92976789851153,41.3,41.32442700700415,49.85,2.0,6.8508375289580705,41.3,41.3170989049029,49.85,0,fp32,491,chain saw,0.3559,8.47,chain saw,0.9153
1783836861.5169969,170,3.5,5.8455862702706485,41.3,41.31196923343202,49.85,3.0,4.991910389189453,41.3,41.30837846340241,49.85,0,fp32,554,fireboat,0.1381,9.37,church,-0.09369999999999999
1783836864.8212018,171,2.0,4.094337272432616,41.3,41.30586492438169,49.85,1.0,3.166036090702831,41.2,41.27410544706718,49.85,0,fp32,663,monastery,0.3477,8.64,church,-0.0864
1783836868.126973,172,3.5,3.2662252634919815,41.3,41.28187381294702,49.85,2.0,2.886357684444387,41.3,41.28731166906291,49.85,0,fp32,497,church,0.518,11.77,church,0.8823
1783836871.4312449,173,3.5,3.0704503791110707,41.2,41.261118168344034,49.85,3.5,3.1993152653777495,41.2,41.242782717840825,49.85,0,fp32,406,altar,0.7162,10.51,church,-0.1051
1783836874.736132,174,3.0,3.1395206857644244,41.3,41.25994790248858,49.85,0.5,2.347664480035097,41.3,41.271963531742,49.85,0,fp32,884,vault,0.1841,11.12,church,-0.1112
1783836878.0353515,175,1.5,2.093365136024568,41.2,41.2503744722194,49.85,3.0,2.3653555952171974,41.2,41.23526213055358,49.85,0,fp32,729,plate rack,0.1872,7.07,French horn,-0.0707
1783836881.3317556,176,2.5,2.405748916652038,41.3,41.2546834913875,49.85,2.0,2.2840242416564265,41.3,41.26827844397125,49.85,0,fp32,691,oxygen mask,0.1954,8.31,French horn,-0.08310000000000001
1783836884.6339977,177,2.0,2.1988169691594983,41.3,41.27779491077987,49.85,2.0,2.139171878411649,41.3,41.284456437545906,49.85,0,fp32,566,French horn,0.9461,10.03,French horn,0.8996999999999999
1783836887.9368787,178,2.0,2.0974203148881543,41.3,41.289119506282134,49.85,2.0,2.068194220421708,41.4,41.32238365439749,49.85,0,fp32,875,trombone,0.2696,8.93,French horn,-0.0893
1783836891.2334864,179,2.5,2.1977359542951955,41.3,41.315668558078244,49.85,3.0,2.4384151680066366,41.3,41.31096799065477,49.85,0,fp32,513,cornet,0.2775,9.46,French horn,-0.09460000000000002
1783836894.5377054,180,2.5,2.456890617604645,41.3,41.30767759345834,49.85,2.5,2.4698234323232517,41.3,41.305374315420835,49.85,0,fp32,867,trailer truck,0.5809,9.69,garbage truck,-0.0969
1783836897.8411467,181,1.0,2.028876402626276,41.2,41.273762020794585,49.85,1.0,1.7202134818383934,41.2,41.25163341455621,49.85,0,fp32,569,garbage truck,0.72,8.3,garbage truck,0.917
1783836901.1410792,182,3.0,2.104149437286875,41.3,41.26614339018934,49.85,3.0,2.3729046061008123,41.3,41.276300373132536,49.85,0,fp32,675,moving van,0.513,8.37,garbage truck,-0.0837
1783836904.4399946,183,3.0,2.5610332242705685,41.3,41.28341026119277,49.85,2.5,2.542723256989398,41.3,41.28838718283494,49.85,0,fp32,569,garbage truck,0.7944,7.96,garbage truck,0.9204
1783836907.7380254,184,2.5,2.5299062798925784,41.4,41.32187102798446,49.85,1.5,2.2209343959248047,41.4,41.34530971958912,49.85,0,fp32,867,trailer truck,0.3995,6.87,garbage truck,-0.0687
1783836911.0382404,185,2.0,2.154654077147363,41.4,41.36171680371238,49.85,2.5,2.258257854003154,41.4,41.37320176259867,49.85,0,fp32,571,gas pump,0.4306,7.42,gas pump,0.9258
1783836914.3429499,186,2.5,2.3307804978022078,41.4,41.38124123381907,49.85,3.0,2.5315463484615455,41.4,41.38686886367334,49.85,0,fp32,856,thresher,0.188,7.97,gas pump,-0.0797
1783836917.646924,187,3.0,2.672082443923082,41.4,41.390808204571336,49.85,1.5,2.3204577107461573,41.4,41.393565743199936,49.85,0,fp32,706,patio,0.2122,8.42,gas pump,-0.0842
1783836920.9429402,188,1.5,2.07432039752231,41.4,41.39549602023995,49.85,3.0,2.352024278265617,41.4,41.39684721416796,49.85,0,fp32,571,gas pump,0.2132,8.46,gas pump,0.9154
1783836924.2436426,189,2.5,2.3964169947859317,41.4,41.397793049917574,49.85,2.5,2.427491896350152,41.4,41.3984551349423,49.85,0,fp32,453,bookcase,0.2548,9.89,gas pump,-0.0989
1783836927.551724,190,2.5,2.4492443274451063,41.3,41.36891859445961,49.85,2.5,2.464471029211574,41.3,41.34824301612172,49.85,0,fp32,772,safety pin,0.2579,10.85,golf ball,-0.1085
1783836930.8421035,191,5.5,3.3751297204481014,41.4,41.363770111285206,49.85,1.5,2.812590804313671,41.4,41.374639077899644,49.85,1,int8,574,golf ball,0.2266,5.65,golf ball,0.9435
1783836934.128564,192,2.5,2.7188135630195696,41.4,41.382247354529746,49.85,3.0,2.8031694941136984,41.4,41.38757314817082,49.85,1,int8,574,golf ball,0.9648,4.38,golf ball,0.9562
1783836937.4236126,193,2.5,2.712218645879589,41.4,41.39130120371957,49.85,3.0,2.798553052115712,41.4,41.393910842603695,49.85,1,int8,574,golf ball,0.7109,3.88,golf ball,0.9612
1783836940.7205908,194,2.5,2.708987136480998,41.3,41.36573758982259,49.85,1.5,2.346290995536698,41.3,41.346016312875804,49.85,1,int8,574,golf ball,0.8516,4.16,golf ball,0.9584
1783836944.0197034,195,1.5,2.0924036968756887,41.3,41.332211419013056,49.85,3.0,2.364682587812982,41.3,41.322547993309136,49.85,1,int8,701,parachute,0.6211,5.19,parachute,0.9480999999999999
1783836947.3172224,196,8.6,4.235277811469087,41.4,41.34578359531639,49.85,7.1,5.0946944680283615,41.6,41.422048516721475,49.85,1,int8,403,aircraft carrier,0.1797,5.27,parachute,-0.0527
1783836950.6249893,197,2.5,4.316286127619852,41.5,41.44543396170503,49.85,2.0,3.6214002893338963,41.5,41.461803773193516,49.85,1,int8,701,parachute,0.9727,8.05,parachute,0.9195
1783836953.9263723,198,1.5,2.984980202533727,41.4,41.44326264123546,49.85,2.5,2.839486141773609,41.5,41.46028384886482,49.85,1,int8,701,parachute,0.918,5.5,parachute,0.945
1783836957.2122114,199,4.0,3.187640299241526,41.5,41.472198694205375,49.85,2.5,2.981348209469068,41.5,41.48053908594376,49.85,1,int8,879,umbrella,0.4453,3.64,parachute,-0.0364
1783836960.5100334,200,2.0,2.6869437466283475,41.5,41.48637736016063,49.85,2.5,2.630860622639843,41.5,41.49046415211244,49.85,1,int8,0,tench,0.7852,5.31,tench,0.9469
1783836963.818057,201,1.5,2.29160243584789,41.5,41.493324906478705,49.85,1.0,1.9041217050935229,41.5,41.49532743453509,49.85,1,int8,0,tench,0.7617,7.35,tench,0.9265
1783836967.1059394,202,2.5,2.082885193565466,41.4,41.46672920417456,49.85,2.5,2.208019635495826,41.5,41.47671044292219,49.85,1,int8,0,tench,0.8984,3.67,tench,0.9633
1783836970.4032216,203,2.5,2.295613744847078,41.4,41.453697310045534,49.85,2.0,2.2069296213929546,41.5,41.467588117031866,49.85,1,int8,0,tench,0.9531,4.77,tench,0.9523
1783836973.702909,204,3.0,2.444850734975068,41.4,41.4473116819223,49.85,1.0,2.0113955144825475,41.4,41.433118177345605,49.85,1,int8,0,tench,0.8984,4.42,tench,0.9558
1783836976.993494,205,2.0,2.007976860137783,41.4,41.423182724141924,49.85,4.5,2.7555838020964476,41.4,41.416227906899344,49.85,1,int8,217,English springer,0.4062,3.72,English springer,0.9628
1783836980.2956674,206,3.5,2.9789086614675133,41.4,41.411359534829536,49.85,4.5,3.4352360630272587,41.4,41.407951674380676,49.85,1,int8,217,English springer,0.3164,7.67,English springer,0.9233
1783836983.595871,207,2.0,3.004665244119081,41.4,41.40556617206647,49.85,2.0,2.703265670883357,41.4,41.40389632044653,49.85,1,int8,217,English springer,0.1484,6.79,English springer,0.9321
1783836986.8991344,208,1.0,2.1922859696183497,41.4,41.402727424312566,49.85,2.5,2.2846001787328447,41.4,41.401909197018796,49.85,1,int8,210,German short-haired pointer,0.1992,6.0,English springer,-0.06
1783836990.1959357,209,3.5,2.649220125112991,41.5,41.43133643791315,49.85,3.0,2.7544540875790937,41.5,41.4519355065392,49.85,1,int8,217,English springer,0.5234,4.99,English springer,0.9501
1783836993.494066,210,3.5,2.978117861305366,41.5,41.46635485457744,49.85,3.0,2.984682502913756,41.5,41.476448398204205,49.85,1,int8,482,cassette player,0.5977,3.58,cassette player,0.9642
1783836996.7881293,211,2.0,2.689277752039629,41.5,41.48351387874294,49.85,1.5,2.33249442642774,41.5,41.48845971512006,49.85,1,int8,848,tape player,0.7188,3.94,cassette player,-0.0394
1783837000.0868716,212,3.0,2.532746098499418,41.4,41.46192180058404,49.85,3.0,2.672922268949592,41.4,41.443345260408826,49.85,1,int8,482,cassette player,0.5195,4.73,cassette player,0.9527
1783837003.375231,213,3.0,2.7710455882647143,41.4,41.430341682286176,49.85,2.5,2.6897319117853,41.4,41.42123917760032,49.85,1,int8,482,cassette player,0.1484,7.61,cassette player,0.9238999999999999
1783837006.6764321,214,3.5,2.9328123382497098,41.3,41.38486742432022,49.85,2.0,2.652968636774797,41.3,41.35940719702415,49.85,1,int8,818,spotlight,0.3008,6.73,cassette player,-0.06730000000000001
1783837009.9841278,215,1.5,2.3070780457423576,41.4,41.3715850379169,49.85,2.5,2.36495463201965,41.4,41.38010952654183,49.85,1,int8,491,chain saw,0.1523,11.11,chain saw,0.8889
1783837013.2710645,216,7.1,3.7854682424137547,41.4,41.38607666857928,49.85,2.0,3.2498277696896283,41.4,41.39025366800549,49.85,1,int8,491,chain saw,0.7148,3.57,chain saw,0.9643
1783837016.5712633,217,3.0,3.1748794387827397,41.4,41.39317756760384,49.85,2.5,2.9724156071479175,41.4,41.395224297322684,49.85,1,int8,802,snowmobile,0.0703,5.23,chain saw,-0.052300000000000006
1783837019.8631568,218,1.5,2.530690925003542,41.5,41.42665700812587,49.85,2.0,2.371483647502479,41.5,41.4486599056881,49.85,1,int8,491,chain saw,0.5508,6.55,chain saw,0.9345
1783837023.1659667,219,3.0,2.5600385532517356,41.4,41.43406193398167,49.85,2.5,2.5420269872762145,41.4,41.42384335378716,49.85,1,int8,491,chain saw,0.3203,7.06,chain saw,0.9294
1783837026.465682,220,3.0,2.67941889109335,41.4,41.41669034765101,49.85,2.0,2.475593223765345,41.4,41.411683243355704,49.85,1,int8,562,fountain,0.125,4.99,church,-0.0499
1783837029.7646394,221,3.0,2.632915256635741,41.4,41.40817827034899,49.85,1.0,2.1430406796450185,41.4,41.40572478924429,49.85,1,int8,663,monastery,0.4258,4.51,church,-0.0451
1783837033.0627928,222,2.5,2.250128475751513,41.4,41.404007352471,49.85,3.5,2.625089933026059,41.4,41.4028051467297,49.85,1,int8,497,church,0.5547,4.66,church,0.9534
1783837036.3626099,223,2.5,2.5875629531182414,41.4,41.40196360271079,49.85,2.5,2.561294067182769,41.4,41.40137452189755,49.85,1,int8,406,altar,0.6016,5.44,church,-0.054400000000000004
1783837039.6605506,224,3.0,2.692905847027938,41.4,41.40096216532828,49.85,1.5,2.3350340929195568,41.4,41.40067351572979,49.85,1,int8,687,organ,0.2422,4.16,church,-0.041600000000000005
1783837042.9703689,225,1.0,1.9345238650436898,41.4,41.40047146101085,49.85,3.0,2.254166705530583,41.4,41.40033002270759,49.85,1,int8,518,crash helmet,0.125,7.82,French horn,-0.0782
1783837046.2668686,226,2.5,2.327916693871408,41.4,41.400231015895315,49.85,3.0,2.5295416857099857,41.4,41.40016171112672,49.85,1,int8,691,oxygen mask,0.1523,4.59,French horn,-0.045899999999999996
1783837049.571671,227,3.0,2.6706791799969896,41.4,41.400113197788706,49.85,2.5,2.6194754259978925,41.4,41.40007923845209,49.85,1,int8,566,French horn,0.8789,7.66,French horn,0.9234
1783837052.8701458,228,1.5,2.2836327981985245,41.4,41.40005546691646,49.85,1.5,2.0485429587389667,41.4,41.400038826841524,49.85,1,int8,513,cornet,0.3359,4.67,French horn,-0.0467
1783837056.171813,229,3.0,2.3339800711172765,41.4,41.40002717878907,49.85,2.5,2.3837860497820937,41.3,41.370019025152345,49.85,1,int8,513,cornet,0.2969,8.86,French horn,-0.0886
1783837059.472509,230,2.0,2.2686502348474655,41.4,41.37901331760664,49.85,2.0,2.1880551643932256,41.4,41.385309322324645,49.85,1,int8,867,trailer truck,0.707,3.89,garbage truck,-0.038900000000000004
1783837062.7746868,231,3.0,2.431638615075258,41.4,41.38971652562725,49.85,1.0,2.0021470305526803,41.4,41.392801567939074,49.85,1,int8,569,garbage truck,0.7227,5.16,garbage truck,0.9484
1783837066.0761075,232,2.5,2.151502921386876,41.4,41.39496109755735,49.85,3.5,2.556052044970813,41.4,41.396472768290145,49.85,1,int8,675,moving van,0.5586,4.38,garbage truck,-0.0438
1783837069.3740826,233,3.0,2.6892364314795687,41.4,41.3975309378031,49.85,3.0,2.7824655020356976,41.5,41.428271656462165,49.85,1,int8,569,garbage truck,0.625,4.5,garbage truck,0.955
1783837072.6796434,234,3.0,2.847725851424988,41.5,41.449790159523516,49.85,1.5,2.4434080959974915,41.5,41.46485311166646,49.85,1,int8,867,trailer truck,0.5859,8.18,garbage truck,-0.0818
1783837075.9790852,235,1.0,2.010385667198244,41.5,41.47539717816652,49.85,2.5,2.1572699670387707,41.5,41.48277802471656,49.85,1,int8,480,cash machine,0.4414,4.5,gas pump,-0.045
1783837079.2829044,236,3.0,2.410088976927139,41.4,41.45794461730159,49.85,3.0,2.587062283848997,41.4,41.440561232111115,49.85,1,int8,856,thresher,0.1953,8.54,gas pump,-0.08539999999999999
1783837082.5801132,237,2.5,2.5609435986942977,41.4,41.42839286247778,49.85,2.0,2.392660519086008,41.4,41.41987500373444,49.85,1,int8,424,barbershop,0.2617,4.59,gas pump,-0.045899999999999996
1783837085.8788545,238,1.0,1.9748623633602056,41.4,41.4139125026141,49.85,1.5,1.8324036543521438,41.5,41.439738751829864,49.85,1,int8,860,tobacco shop,0.2148,4.67,gas pump,-0.0467
1783837089.184176,239,3.5,2.3326825580465007,41.4,41.4278171262809,49.85,3.0,2.5328777906325506,41.4,41.41947198839663,49.85,0,fp32,453,bookcase,0.2548,11.11,gas pump,-0.11109999999999999
1783837092.471093,240,2.0,2.373014453442785,41.4,41.41363039187764,49.85,2.5,2.411110117409949,41.4,41.40954127431434,49.85,0,fp32,772,safety pin,0.2579,8.49,golf ball,-0.0849
1783837095.7750304,241,2.5,2.4377770821869644,41.4,41.40667889202004,49.85,2.0,2.306443957530875,41.4,41.40467522441403,49.85,1,int8,574,golf ball,0.2266,4.63,golf ball,0.9537
1783837099.0730867,242,2.5,2.3645107702716124,41.5,41.433272657089816,49.85,2.0,2.2551575391901286,41.5,41.45329085996287,49.85,1,int8,574,golf ball,0.9648,4.99,golf ball,0.9501
1783837102.37896,243,3.0,2.4786102774330896,41.4,41.43730360197401,49.85,3.0,2.6350271942031624,41.4,41.4261125213818,49.85,1,int8,574,golf ball,0.7109,5.55,golf ball,0.9445
1783837105.6691873,244,2.5,2.5945190359422137,41.4,41.41827876496726,49.85,1.0,2.1161633251595493,41.4,41.41279513547708,49.85,1,int8,574,golf ball,0.8516,4.54,golf ball,0.9546
1783837108.9740038,245,1.5,1.9313143276116844,41.4,41.40895659483395,49.85,2.5,2.101920029328179,41.4,41.40626961638377,49.85,1,int8,701,parachute,0.6211,6.59,parachute,0.9341
1783837112.259375,246,3.0,2.371344020529725,41.4,41.404388731468636,49.85,3.0,2.5599408143708073,41.5,41.43307211202804,49.85,1,int8,403,aircraft carrier,0.1797,4.15,parachute,-0.0415
1783837115.560987,247,3.0,2.691958570059565,41.5,41.45315047841963,49.85,2.5,2.6343709990416952,41.5,41.467205334893734,49.85,1,int8,701,parachute,0.9727,4.81,parachute,0.9519
1783837118.8611786,248,0.5,1.9940596993291864,41.5,41.47704373442561,49.85,1.0,1.6958417895304305,41.5,41.48393061409792,49.85,1,int8,701,parachute,0.918,4.65,parachute,0.9535
1783837122.1551065,249,3.5,2.2370892526713013,41.5,41.48875142986854,49.85,2.5,2.3159624768699105,41.5,41.49212600090797,49.85,1,int8,879,umbrella,0.4453,4.12,parachute,-0.0412
1783837125.4502215,250,2.5,2.3711737338089374,41.4,41.46448820063558,49.85,3.0,2.559821613666256,41.4,41.4451417404449,49.85,1,int8,0,tench,0.7852,3.95,tench,0.9605
1783837128.7462358,251,43.4,14.811875129566378,41.9,41.58159921831143,49.85,42.3,23.058312590696463,41.9,41.677119452818,49.85,0,fp32,0,tench,0.8943,21.87,tench,0.7813
1783837132.0502052,252,43.0,29.040818813487526,42.0,41.77398361697259,49.85,43.7,33.43857316944127,42.0,41.841788531880816,49.85,0,fp32,0,tench,0.9366,22.01,tench,0.7799
1783837135.3527384,253,42.0,36.007001218608885,41.8,41.82925197231657,49.85,41.8,37.744900853026216,41.8,41.8204763806216,49.85,1,int8,0,tench,0.9531,17.7,tench,0.823
1783837138.6528468,254,41.7,38.93143059711835,41.6,41.754333466435114,49.85,41.0,39.552001417982844,41.6,41.70803342650458,49.85,1,int8,0,tench,0.8984,17.58,tench,0.8242
1783837141.9517758,255,40.8,39.926400992587986,41.6,41.6756233985532,49.85,42.0,40.54848069481159,41.6,41.652936378987235,49.85,1,int8,217,English springer,0.4062,18.09,English springer,0.8190999999999999
1783837145.251126,256,41.5,40.83393648636811,41.6,41.63705546529106,49.85,42.1,41.213755540457676,41.6,41.62593882570374,49.85,1,int8,217,English springer,0.3164,18.02,English springer,0.8198
1783837148.5509613,257,41.5,41.29962887832037,41.6,41.618157177992614,49.85,42.0,41.509740214824255,41.6,41.61271002459483,49.85,1,int8,217,English springer,0.1484,17.97,English springer,0.8203
1783837151.8468368,258,41.0,41.356818150376974,41.5,41.57889701721638,49.85,41.0,41.24977270526388,41.6,41.585227912051465,49.85,1,int8,210,German short-haired pointer,0.1992,18.56,English springer,-0.1856
1783837155.1394167,259,41.8,41.41484089368471,41.6,41.589659538436024,49.85,41.7,41.5003886255793,41.6,41.59276167690521,49.85,1,int8,217,English springer,0.5234,18.03,English springer,0.8197
1783837158.4179049,260,41.5,41.5002720379055,41.6,41.594933173833645,49.85,41.7,41.56019042653385,41.6,41.59645322168355,49.85,1,int8,482,cassette player,0.5977,9.78,cassette player,0.9022
1783837161.7215111,261,42.3,41.78213329857369,41.6,41.59751725517848,49.85,40.2,41.30749330900158,41.6,41.598262078624934,49.85,0,fp32,848,tape player,0.7176,24.02,cassette player,-0.2402
1783837165.009693,262,40.2,40.975245316301105,41.5,41.56878345503745,49.85,41.7,41.19267172141077,41.5,41.54814841852621,49.85,0,fp32,482,cassette player,0.5429,15.82,cassette player,0.8418
1783837168.3109353,263,41.5,41.284870204987534,41.6,41.56370389296835,49.85,41.4,41.31940914349127,41.6,41.57459272507784,49.85,1,int8,482,cassette player,0.1484,18.43,cassette player,0.8157
1783837171.608998,264,43.0,41.82358640044389,41.6,41.58221490755449,49.85,41.3,41.66651048031072,41.6,41.587550435288136,49.85,1,int8,818,spotlight,0.3008,19.37,cassette player,-0.1937
1783837174.9036064,265,40.5,41.3165573362175,41.6,41.59128530470169,49.85,41.0,41.221590135352244,41.6,41.59389971329118,49.85,1,int8,491,chain saw,0.1523,18.44,chain saw,0.8156
1783837178.2044868,266,41.9,41.425113094746564,41.5,41.565729799303824,49.85,41.5,41.44757916632259,41.6,41.57601085951268,49.85,1,int8,491,chain saw,0.7148,18.02,chain saw,0.8198
1783837181.5002751,267,42.0,41.61330541642581,41.6,41.58320760165887,49.85,41.8,41.66931379149806,41.6,41.58824532116121,49.85,1,int8,802,snowmobile,0.0703,18.2,chain saw,-0.182
1783837184.7929285,268,41.2,41.528519654048644,41.6,41.591771724812844,49.85,40.5,41.21996375783405,41.7,41.62424020736899,49.85,1,int8,491,chain saw,0.5508,17.95,chain saw,0.8205
1783837188.0948584,269,41.8,41.39397463048383,41.7,41.64696814515829,49.85,42.3,41.66578224133868,41.7,41.6628777016108,49.85,1,int8,491,chain saw,0.3203,18.43,chain saw,0.8157
1783837191.3953905,270,41.7,41.67604756893707,41.7,41.67401439112756,49.85,41.5,41.62323329825595,41.7,41.681810073789286,49.85,1,int8,562,fountain,0.125,18.51,church,-0.18510000000000001
1783837194.695582,271,41.8,41.676263308779156,41.7,41.6872670516525,49.85,40.7,41.38338431614541,41.7,41.69108693615674,49.85,1,int8,663,monastery,0.4258,18.59,church,-0.1859
1783837197.9954839,272,40.8,41.208369021301785,41.6,41.66376085530972,49.85,41.8,41.385858314911246,41.7,41.6746325987168,49.85,1,int8,497,church,0.5547,18.93,church,0.8107
1783837201.2964177,273,41.7,41.48010082043787,41.8,41.71224281910176,49.85,41.7,41.546070574306505,41.8,41.73856997337123,49.85,1,int8,406,altar,0.6016,18.95,church,-0.1895
1783837204.59779,274,41.2,41.44224940201455,41.7,41.726998981359856,49.85,41.0,41.30957458141018,41.7,41.718899286951896,49.85,1,int8,687,organ,0.2422,19.02,church,-0.1902
1783837207.897436,275,40.7,41.126702206987126,41.7,41.713229500866326,49.85,40.7,40.99869154489099,41.7,41.709260650606424,49.85,1,int8,518,crash helmet,0.125,18.14,French horn,-0.1814
1783837211.194574,276,41.5,41.14908408142369,41.7,41.70648245542449,49.85,41.2,41.16435885699658,41.7,41.70453771879714,49.85,1,int8,691,oxygen mask,0.1523,19.22,French horn,-0.19219999999999998
1783837214.490025,277,41.5,41.2650511998976,41.7,41.703176403158,49.85,41.8,41.425535839928315,41.7,41.7022234822106,49.85,1,int8,566,French horn,0.8789,19.42,French horn,0.8058
1783837217.7917125,278,41.3,41.387875087949816,41.7,41.70155643754742,49.85,40.5,41.12151256156487,41.7,41.70108950628319,49.85,1,int8,513,cornet,0.3359,18.44,French horn,-0.1844
1783837221.0864513,279,41.4,41.205058793095404,41.7,41.70076265439823,49.85,41.2,41.20354115516678,41.7,41.700533858078764,49.85,1,int8,513,cornet,0.2969,19.66,French horn,-0.1966
1783837224.3847046,280,41.7,41.352478808616745,41.7,41.700373700655135,49.85,41.7,41.45673516603172,41.7,41.700261590458595,49.85,1,int8,867,trailer truck,0.707,18.62,garbage truck,-0.1862
1783837227.6786911,281,41.7,41.5297146162222,41.8,41.73018311332102,49.85,41.0,41.37080023135554,41.8,41.75112817932471,49.85,1,int8,569,garbage truck,0.7227,18.98,garbage truck,0.8102
1783837230.9762344,282,40.2,41.019560161948874,41.7,41.7357897255273,49.85,42.0,41.31369211336421,41.7,41.725052807869105,49.85,1,int8,675,moving van,0.5586,18.55,garbage truck,-0.1855
1783837234.2789757,283,41.7,41.42958447935494,41.7,41.71753696550837,49.85,41.8,41.540709135548454,41.7,41.71227587585586,49.85,1,int8,569,garbage truck,0.625,19.35,garbage truck,0.8065
1783837237.577247,284,41.7,41.58849639488392,41.7,41.7085931130991,49.85,41.5,41.56194747641874,41.7,41.70601517916937,49.85,1,int8,867,trailer truck,0.5859,19.27,garbage truck,-0.1927
1783837240.8790698,285,40.5,41.24336323349311,41.7,41.704210625418554,49.85,41.0,41.17035426344518,41.7,41.702947437792986,49.85,1,int8,480,cash machine,0.4414,18.51,gas pump,-0.18510000000000001
1783837244.1818082,286,42.0,41.41924798441162,41.7,41.70206320645509,49.85,42.3,41.68347358908813,41.7,41.701444244518555,49.85,1,int8,856,thresher,0.1953,18.67,gas pump,-0.18670000000000003
1783837247.482597,287,41.7,41.68843151236169,41.7,41.70101097116299,49.85,41.5,41.63190205865318,41.7,41.70070767981409,49.85,1,int8,424,barbershop,0.2617,18.24,gas pump,-0.18239999999999998
1783837250.7793949,288,40.9,41.412331441057226,41.7,41.700495375869856,49.85,40.2,41.04863200874006,41.7,41.7003467631089,49.85,1,int8,860,tobacco shop,0.2148,16.21,gas pump,-0.16210000000000002
1783837254.083474,289,41.5,41.18404240611804,41.7,41.70024273417623,49.85,41.7,41.33882968428262,41.7,41.70016991392336,49.85,0,fp32,453,bookcase,0.2548,23.58,gas pump,-0.23579999999999998
1783837257.389979,290,41.4,41.35718077899784,41.7,41.70011893974635,49.85,41.5,41.40002654529849,41.7,41.70008325782244,49.85,0,fp32,772,safety pin,0.2579,23.19,golf ball,-0.23190000000000002
1783837260.692132,291,42.0,41.58001858170894,41.7,41.70005828047571,49.85,40.7,41.31601300719626,41.7,41.70004079633299,49.85,1,int8,574,golf ball,0.2266,19.47,golf ball,0.8053
1783837263.993453,292,40.8,41.16120910503738,41.6,41.67002855743309,49.85,42.3,41.50284637352616,41.6,41.64901999020316,49.85,1,int8,574,golf ball,0.9648,18.67,golf ball,0.8132999999999999
1783837267.284895,293,42.0,41.65199246146831,41.7,41.66431399314221,49.85,41.5,41.60639472302782,41.7,41.675019795199546,49.85,1,int8,574,golf ball,0.7109,7.23,golf ball,0.9277
1783837270.589784,294,42.0,41.72447630611947,41.7,41.68251385663968,49.85,41.5,41.65713341428363,41.7,41.68775969964777,49.85,0,fp32,574,golf ball,0.8822,24.08,golf ball,0.7592
1783837273.8943021,295,40.5,41.30999338999854,41.7,41.69143178975344,49.85,41.2,41.276995372998975,41.8,41.724002252827404,49.85,0,fp32,701,parachute,0.8955,23.52,parachute,0.7648
1783837277.1953726,296,44.2,42.15389676109928,41.7,41.71680157697918,49.85,41.5,41.9577277327695,41.7,41.71176110388542,49.85,1,int8,403,aircraft carrier,0.1797,17.87,parachute,-0.17870000000000003
1783837280.4974937,297,42.0,41.97040941293864,41.7,41.708232772719796,49.85,41.8,41.91928658905705,41.7,41.70576294090385,49.85,1,int8,701,parachute,0.9727,19.51,parachute,0.8049
1783837283.7995102,298,3.0,30.243500612339933,41.5,41.6440340586327,49.85,1.0,21.470450428637953,41.5,41.60082384104288,49.85,1,int8,701,parachute,0.918,4.78,parachute,0.9522
