timestamp,cpu,ram,temperature,health_score,model,label,confidence,latency_ms
2026-07-07 15:10:39,5.5,40.8,64.0,30.11,fp32,curly-coated retriever,0.5467,15.42
2026-07-07 15:10:40,7.2,40.8,65.0,31.26,fp32,curly-coated retriever,0.5467,14.88
2026-07-07 15:10:42,8.3,40.7,63.0,31.19,fp32,curly-coated retriever,0.5467,21.23
2026-07-07 15:10:43,4.4,40.7,62.0,28.94,fp32,curly-coated retriever,0.5467,13.41
2026-07-07 15:10:45,4.8,40.7,61.0,28.84,fp32,curly-coated retriever,0.5467,12.93
2026-07-07 15:10:47,3.6,40.7,61.0,28.24,fp32,curly-coated retriever,0.5467,21.85
2026-07-07 15:10:48,4.3,40.7,62.0,28.89,fp32,curly-coated retriever,0.5467,15.13
2026-07-07 15:10:50,3.6,40.7,59.0,27.64,fp32,curly-coated retriever,0.5467,21.58
2026-07-07 15:10:51,100.0,40.9,96.0,86.98,fp32,curly-coated retriever,0.5467,36.27
2026-07-07 15:10:53,100.0,40.9,95.0,86.68,fp32,curly-coated retriever,0.5467,42.06
2026-07-07 15:10:55,100.0,40.5,96.0,86.9,fp32,curly-coated retriever,0.5467,36.39
2026-07-07 15:10:56,100.0,40.5,98.0,87.5,fp32,curly-coated retriever,0.5467,36.62
2026-07-07 15:10:58,100.0,40.5,92.0,85.7,fp32,curly-coated retriever,0.5467,39.85
2026-07-07 15:10:59,100.0,40.5,95.0,86.6,fp32,curly-coated retriever,0.5467,37.02
2026-07-07 15:11:01,99.9,40.4,95.0,86.53,fp32,curly-coated retriever,0.5467,37.57
2026-07-07 15:11:03,100.0,40.5,93.0,86.0,fp32,curly-coated retriever,0.5467,37.71
2026-07-07 15:11:04,100.0,40.5,96.0,86.9,fp32,curly-coated retriever,0.5467,37.86
2026-07-07 15:11:06,100.0,40.7,92.0,85.74,int8,alp,0.2422,12.01
2026-07-07 15:11:07,100.0,40.6,96.0,86.92,int8,alp,0.2422,14.43
2026-07-07 15:11:09,100.0,40.5,93.0,86.0,int8,alp,0.2422,11.05
2026-07-07 15:11:11,100.0,40.6,93.0,86.02,int8,alp,0.2422,13.06
2026-07-07 15:11:12,100.0,40.7,96.0,86.94,int8,alp,0.2422,13.18
2026-07-07 15:11:14,100.0,40.6,95.0,86.62,int8,alp,0.2422,10.51
2026-07-07 15:11:15,100.0,40.5,95.0,86.6,int8,alp,0.2422,13.28
2026-07-07 15:11:17,100.0,40.5,94.0,86.3,int8,alp,0.2422,11.36
2026-07-07 15:11:19,100.0,40.6,93.0,86.02,int8,alp,0.2422,11.26
2026-07-07 15:11:20,100.0,40.6,95.0,86.62,int8,alp,0.2422,12.21
2026-07-07 15:11:22,100.0,40.6,92.0,85.72,int8,alp,0.2422,11.19
2026-07-07 15:11:24,100.0,40.6,95.0,86.62,int8,alp,0.2422,13.47
2026-07-07 15:11:25,100.0,40.5,94.0,86.3,int8,alp,0.2422,11.4
2026-07-07 15:11:27,100.0,40.6,95.0,86.62,int8,alp,0.2422,13.03
2026-07-07 15:11:28,100.0,40.6,95.0,86.62,int8,alp,0.2422,12.15
2026-07-07 15:11:30,100.0,40.5,95.0,86.6,int8,alp,0.2422,12.95
2026-07-07 15:11:32,99.9,40.5,94.0,86.25,int8,alp,0.2422,11.22
2026-07-07 15:11:33,100.0,40.7,94.0,86.34,int8,alp,0.2422,13.01
2026-07-07 15:11:35,100.0,40.6,94.0,86.32,int8,alp,0.2422,11.03
2026-07-07 15:11:36,100.0,40.6,96.0,86.92,int8,alp,0.2422,11.05
2026-07-07 15:11:38,100.0,40.6,98.0,87.52,int8,alp,0.2422,13.26
2026-07-07 15:11:40,100.0,40.4,94.0,86.28,int8,alp,0.2422,22.06
2026-07-07 15:11:41,100.0,40.4,95.0,86.58,int8,alp,0.2422,12.19
2026-07-07 15:11:43,100.0,40.4,96.0,86.88,int8,alp,0.2422,12.99
2026-07-07 15:11:44,100.0,40.4,93.0,85.98,int8,alp,0.2422,10.36
2026-07-07 15:11:46,100.0,40.4,95.0,86.58,int8,alp,0.2422,13.56
2026-07-07 15:11:47,100.0,40.4,95.0,86.58,int8,alp,0.2422,11.62
2026-07-07 15:11:49,100.0,40.4,94.0,86.28,int8,alp,0.2422,10.39
2026-07-07 15:11:51,55.0,40.2,72.0,57.14,int8,alp,0.2422,3.1
2026-07-07 15:11:52,4.0,40.3,68.0,30.46,int8,alp,0.2422,2.94
2026-07-07 15:11:54,10.2,40.2,80.0,37.14,int8,alp,0.2422,2.98
2026-07-07 15:11:55,4.2,40.1,65.0,29.62,int8,alp,0.2422,2.99
2026-07-07 15:11:57,4.3,40.1,66.0,29.97,int8,alp,0.2422,3.25
2026-07-07 15:11:59,4.0,40.1,65.0,29.52,int8,alp,0.2422,3.32
2026-07-07 15:12:00,6.0,40.1,69.0,31.72,int8,alp,0.2422,3.43
2026-07-07 15:12:02,2.9,40.1,63.0,28.37,int8,alp,0.2422,9.38
2026-07-07 15:12:03,4.0,40.3,63.0,28.96,int8,alp,0.2422,3.0
2026-07-07 15:12:05,2.0,40.2,61.0,27.34,int8,alp,0.2422,10.02
2026-07-07 15:12:06,3.3,40.2,62.0,28.29,fp32,curly-coated retriever,0.5467,13.4
